﻿<?xml version="1.0" encoding="utf-8"?>
<key id="47056f04-2032-4ecf-8ba9-ad0751075226" version="1">
  <creationDate>2025-09-24T20:45:57.466441Z</creationDate>
  <activationDate>2025-09-24T20:45:57.4401591Z</activationDate>
  <expirationDate>2025-12-23T20:45:57.4401591Z</expirationDate>
  <descriptor deserializerType="Microsoft.AspNetCore.DataProtection.AuthenticatedEncryption.ConfigurationModel.AuthenticatedEncryptorDescriptorDeserializer, Microsoft.AspNetCore.DataProtection, Version=8.0.0.0, Culture=neutral, PublicKeyToken=adb9793829ddae60">
    <descriptor>
      <encryption algorithm="AES_256_CBC" />
      <validation algorithm="HMACSHA256" />
      <masterKey p4:requiresEncryption="true" xmlns:p4="http://schemas.asp.net/2015/03/dataProtection">
        <!-- Warning: the key below is in an unencrypted form. -->
        <value>XT72qHY5yugnw4m7yon4Eo2nqYR86M5Z4WqmiEQakkKjpsQu12FHMGi42l6YiGb8qV3xJpehJRvQvBDko9IcOA==</value>
      </masterKey>
    </descriptor>
  </descriptor>
</key>